School,OFF Rating,DEF Rating,OVR Rating,OFF Rank,DEF Rank,OVR Rank
Villa Duchesne,2.24,2.19,4.43,2,1,1
Nixa,2.32,2.06,4.39,1,4,2
Lafayette (Wildwood),2.11,2.11,4.21,3,2,3
St. Pius X (Festus),1.93,2.1,4.03,6,3,4
Francis Howell,2.0,1.96,3.95,5,5,5
Ozark,1.88,1.93,3.81,8,6,6
St. Joseph's Academy,1.87,1.85,3.72,9,7,7
Lee's Summit North,1.89,1.74,3.63,7,9,8
St. Teresa's Academy,2.02,1.59,3.61,4,16,9
Cor Jesu Academy,1.73,1.67,3.4,11,11,10
Eureka,1.57,1.74,3.32,16,8,11
Glendale,1.56,1.7,3.26,17,10,12
Park Hill South,1.6,1.64,3.25,14,12,13
Ursuline Academy,1.73,1.51,3.24,10,18,14
Blue Springs,1.63,1.6,3.23,12,15,15
Helias Catholic,1.6,1.62,3.22,13,13,16
Blue Springs South,1.59,1.61,3.2,15,14,17
Bishop DuBourg,1.56,1.5,3.06,18,19,18
Lutheran South,1.52,1.52,3.04,19,17,19
Pleasant Hill,1.48,1.49,2.98,23,20,20
Lutheran St. Charles,1.5,1.46,2.96,22,24,21
Notre Dame (Cape Girardeau),1.5,1.46,2.96,20,22,22
Lee's Summit,1.5,1.46,2.96,21,23,23
Northwest (Cedar Hill),1.43,1.49,2.92,28,21,24
Parkway West,1.46,1.44,2.91,25,25,25
Kickapoo,1.41,1.4,2.82,30,26,26
Timberland,1.44,1.36,2.8,27,29,27
Oak Park,1.39,1.4,2.79,31,27,28
Ft. Zumwalt West,1.47,1.3,2.76,24,31,29
Staley,1.43,1.31,2.74,29,30,30
Marquette,1.44,1.3,2.74,26,32,31
Dexter,1.32,1.37,2.68,34,28,32
St. Dominic,1.37,1.26,2.64,32,35,33
Nerinx Hall,1.34,1.22,2.57,33,37,34
Ste. Genevieve,1.28,1.29,2.57,40,33,35
Kirkwood,1.29,1.27,2.56,38,34,36
Santa Fe,1.27,1.25,2.51,41,36,37
Washington,1.31,1.2,2.51,35,39,38
Duchesne,1.28,1.19,2.48,39,40,39
Liberty,1.29,1.18,2.47,36,41,40
Raymore-Peculiar,1.29,1.16,2.45,37,43,41
Notre Dame de Sion,1.18,1.2,2.38,42,38,42
Lindbergh,1.16,1.17,2.33,43,42,43
Winfield,1.13,1.02,2.15,45,52,44
Webster Groves,1.03,1.13,2.15,53,44,45
Parkway Central,1.12,1.03,2.14,46,51,46
Holt,1.07,1.05,2.12,49,49,47
Hermann,1.04,1.06,2.1,51,46,48
Perryville,1.09,1.01,2.09,48,55,49
Francis Howell Central,1.03,1.06,2.09,52,48,50
Parkway North,1.05,1.03,2.08,50,50,51
Valle Catholic,1.14,0.95,2.08,44,63,52
St. Vincent,0.98,1.08,2.06,56,45,53
Incarnate Word Academy,1.02,0.99,2.01,54,57,54
Ft. Zumwalt East,1.1,0.89,1.98,47,67,55
Liberty (Mountain View),0.92,1.06,1.98,63,47,56
Farmington,0.99,0.96,1.95,55,59,57
Carl Junction,0.93,1.02,1.95,61,54,58
New Haven,0.96,0.96,1.93,58,60,59
North Kansas City,0.97,0.96,1.93,57,61,60
Bishop LeBlond,0.88,1.02,1.9,71,53,61
Willard,0.93,0.96,1.88,62,62,62
Blair Oaks,0.87,1.0,1.87,72,56,63
Logan-Rogersville,0.94,0.93,1.87,60,64,64
Fair Grove,0.88,0.99,1.87,68,58,65
Mehlville,0.94,0.89,1.83,59,66,66
Mt. Vernon,0.92,0.83,1.74,65,70,67
Hillsboro,0.92,0.81,1.73,64,72,68
Republic,0.89,0.84,1.73,67,69,69
Lee's Summit West,0.82,0.9,1.72,79,65,70
Jefferson (Festus),0.9,0.82,1.72,66,71,71
Ft. Zumwalt North,0.85,0.86,1.71,75,68,72
St. Pius X (Kansas City),0.87,0.79,1.66,73,76,73
Kearney,0.88,0.78,1.65,70,78,74
Carthage,0.87,0.78,1.64,74,79,75
Lebanon,0.83,0.8,1.63,78,74,76
Arcadia Valley,0.81,0.8,1.61,80,75,77
North County,0.84,0.73,1.58,77,81,78
Fatima,0.84,0.7,1.55,76,89,79
Hannibal,0.79,0.72,1.51,81,84,80
Savannah,0.77,0.73,1.5,82,82,81
Northland Christian,0.69,0.81,1.49,88,73,82
Concordia,0.69,0.79,1.48,87,77,83
St. Charles,0.76,0.71,1.47,83,88,84
Fox,0.71,0.72,1.43,86,83,85
Grain Valley,0.65,0.76,1.42,91,80,86
Westminster Christian Academy,0.75,0.67,1.41,85,92,87
Winona,0.76,0.62,1.38,84,96,88
Rockwood Summit,0.65,0.71,1.36,92,86,89
Bernie,0.63,0.72,1.35,94,85,90
Jackson,0.63,0.71,1.34,93,87,91
Trinity Catholic,0.68,0.63,1.32,89,94,92
Park Hill,0.62,0.68,1.3,96,91,93
Seckman,0.59,0.7,1.28,100,90,94
Platte County,0.66,0.63,1.28,90,95,95
Jefferson City,0.55,0.66,1.21,105,93,96
Holden,0.59,0.6,1.19,98,99,97
Francis Howell North,0.6,0.58,1.18,97,101,98
Barstow,0.88,0.26,1.14,69,136,99
Crane,0.53,0.61,1.13,109,98,100
Battle,0.63,0.5,1.13,95,108,101
Aurora,0.5,0.61,1.11,111,97,102
Whitfield,0.57,0.52,1.09,101,105,103
Sparta,0.48,0.58,1.06,113,100,104
Bismarck,0.54,0.51,1.05,107,106,105
Windsor (Imperial),0.51,0.53,1.04,110,104,106
Eminence,0.54,0.49,1.03,106,110,107
Branson,0.59,0.42,1.01,99,118,108
Belton,0.44,0.56,1.0,118,102,109
Camdenton,0.42,0.54,0.96,120,103,110
Adrian,0.53,0.44,0.96,108,115,111
Cole Camp,0.55,0.4,0.95,103,123,112
Woodland,0.44,0.5,0.95,117,107,113
Pattonville,0.55,0.4,0.95,104,124,114
Veritas Christian Academy,0.46,0.47,0.94,115,112,115
Ladue Horton Watkins,0.42,0.49,0.91,121,109,116
Lutheran (Kansas City),0.45,0.44,0.88,116,116,117
Saxony Lutheran,0.41,0.47,0.88,124,114,118
Poplar Bluff,0.4,0.47,0.87,125,113,119
MICDS,0.44,0.42,0.85,119,120,120
Festus,0.36,0.48,0.85,133,111,121
Orchard Farm,0.41,0.43,0.84,123,117,122
Ft. Zumwalt South,0.5,0.3,0.8,112,133,123
Waynesville,0.47,0.32,0.79,114,132,124
Nevada,0.56,0.24,0.79,102,141,125
Marshfield,0.4,0.38,0.78,126,127,126
Troy Buchanan,0.38,0.41,0.78,129,122,127
Fredericktown,0.37,0.41,0.78,131,121,128
Buffalo,0.39,0.37,0.76,127,128,129
Pacific,0.34,0.42,0.75,135,119,130
Advance,0.42,0.33,0.74,122,131,131
Hickman,0.38,0.34,0.72,130,129,132
Eldon,0.34,0.38,0.71,136,126,133
Visitation Academy,0.3,0.38,0.68,137,125,134
North Platte,0.38,0.25,0.63,128,137,135
Bloomfield,0.28,0.29,0.57,141,135,136
Summit Christian Academy,0.37,0.19,0.55,132,152,137
Boonville,0.29,0.24,0.53,139,139,138
Winnetonka,0.29,0.23,0.51,138,145,139
Ash Grove,0.2,0.3,0.5,150,134,140
Springfield Catholic,0.26,0.24,0.5,145,140,141
Lesterville,0.26,0.23,0.49,143,143,142
Warrensburg,0.25,0.23,0.48,146,144,143
Oak Grove,0.28,0.2,0.48,142,148,144
DeSoto,0.28,0.19,0.47,140,150,145
Midway,0.21,0.25,0.46,148,138,146
Oakville,0.12,0.34,0.46,164,130,147
Herculaneum,0.34,0.1,0.44,134,159,148
West County,0.18,0.23,0.41,155,142,149
Central (St. Joseph),0.15,0.22,0.38,158,147,150
Tarkio,0.19,0.19,0.38,153,149,151
Father Tolton,0.15,0.23,0.38,157,146,152
Parkway South,0.22,0.12,0.34,147,157,153
Warrenton,0.2,0.14,0.33,152,155,154
St. Paul Lutheran (Concordia),0.26,0.07,0.33,144,162,155
Hazelwood Central,0.15,0.17,0.31,159,153,156
Notre Dame (St. Louis),0.18,0.13,0.31,154,156,157
California,0.08,0.19,0.27,170,151,158
Principia,0.2,0.06,0.26,149,163,159
Hollister,0.13,0.1,0.23,161,160,160
Hillcrest,0.2,0.02,0.22,151,170,161
Rock Bridge,0.07,0.15,0.22,176,154,162
Liberty North,0.14,0.06,0.2,160,164,163
Lafayette (St. Joseph),0.13,0.05,0.17,162,165,164
Central (Springfield),0.11,0.05,0.16,166,166,165
Reeds Spring,0.16,-0.01,0.15,156,179,166
John Burroughs,0.12,0.03,0.15,165,168,167
Owensville,0.02,0.11,0.13,180,158,168
McDonald County,0.08,0.05,0.12,172,167,169
Rolla,0.13,-0.01,0.11,163,180,170
Raytown,0.02,0.08,0.11,179,161,171
Webb City,0.08,0.01,0.09,171,175,172
Affton,0.08,0.0,0.08,173,177,173
Lamar,0.08,-0.0,0.07,174,178,174
Liberty (Wentzville),0.07,-0.01,0.06,175,181,175
O'Hara,0.04,0.01,0.05,177,173,176
Malden,0.03,0.01,0.05,178,172,177
William Chrisman,-0.01,0.01,-0.01,183,174,178
Joplin,0.09,-0.1,-0.01,169,191,179
Mid-Buchanan,-0.05,0.03,-0.02,189,169,180
Fort Osage,-0.02,0.0,-0.02,184,176,181
Odessa,0.1,-0.16,-0.06,167,199,182
Osceola,-0.02,-0.05,-0.07,186,184,183
Stockton,-0.04,-0.03,-0.07,188,183,184
Ritenour,-0.01,-0.1,-0.11,182,189,185
Fordland,-0.13,0.02,-0.11,201,171,186
West Platte,-0.1,-0.02,-0.12,197,182,187
Pembroke Hill,-0.04,-0.09,-0.13,187,186,188
Maryville,-0.02,-0.14,-0.16,185,196,189
Leopold,-0.06,-0.1,-0.16,190,192,190
Clearwater,-0.08,-0.1,-0.17,193,188,191
Bell City,0.1,-0.27,-0.17,168,215,192
Sikeston,-0.07,-0.1,-0.17,192,190,193
School of the Ozarks,-0.09,-0.09,-0.18,195,185,194
Gideon,-0.11,-0.11,-0.21,199,193,195
Excelsior Springs,-0.1,-0.13,-0.23,196,194,196
Fulton,-0.06,-0.17,-0.23,191,200,197
Clayton,-0.1,-0.17,-0.27,198,201,198
East Newton,-0.18,-0.09,-0.27,205,187,199
Clever,-0.12,-0.16,-0.27,200,198,200
Mountain Grove,-0.15,-0.13,-0.28,203,195,201
Butler,-0.01,-0.29,-0.3,181,220,202
Crest Ridge,-0.08,-0.23,-0.32,194,209,203
St. Charles West,-0.18,-0.15,-0.33,206,197,204
Marionville,-0.15,-0.24,-0.39,204,212,205
Benton,-0.13,-0.28,-0.42,202,218,206
Sacred Heart,-0.25,-0.19,-0.44,215,202,207
Jasper,-0.25,-0.19,-0.45,216,203,208
Willow Springs,-0.23,-0.22,-0.45,211,206,209
Cabool,-0.24,-0.22,-0.46,214,205,210
Potosi,-0.24,-0.23,-0.47,212,211,211
Wellington-Napoleon,-0.2,-0.31,-0.51,207,222,212
Lutheran North,-0.29,-0.22,-0.51,222,207,213
El Dorado Springs,-0.21,-0.3,-0.51,209,221,214
Knob Noster,-0.28,-0.26,-0.54,218,214,215
Brentwood,-0.29,-0.25,-0.54,221,213,216
Central (Park Hills),-0.28,-0.27,-0.55,219,216,217
Bolivar,-0.34,-0.21,-0.55,241,204,218
Greenville,-0.23,-0.33,-0.56,210,225,219
Lawson,-0.33,-0.22,-0.56,236,208,220
Calvary Lutheran,-0.35,-0.23,-0.58,244,210,221
John F. Kennedy,-0.27,-0.32,-0.58,217,224,222
Risco,-0.2,-0.4,-0.6,208,242,223
Chillicothe,-0.24,-0.37,-0.61,213,235,224
Harrisonville,-0.33,-0.29,-0.62,234,219,225
Lafayette County,-0.31,-0.33,-0.64,227,226,226
Northwest (Hughesville),-0.33,-0.33,-0.66,235,227,227
Skyline,-0.3,-0.37,-0.67,223,236,228
Montgomery County,-0.31,-0.36,-0.67,226,233,229
East Buchanan,-0.3,-0.38,-0.68,224,237,230
Meadow Heights,-0.35,-0.33,-0.68,245,228,231
Orrick,-0.34,-0.35,-0.69,237,232,232
Clarkton,-0.35,-0.34,-0.69,243,229,233
McCluer North,-0.31,-0.39,-0.7,229,240,234
Green Ridge,-0.39,-0.31,-0.7,249,223,235
Gateway,-0.32,-0.38,-0.71,233,239,236
Metro,-0.44,-0.28,-0.71,256,217,237
Lone Jack,-0.34,-0.37,-0.71,239,234,238
Central (Cape Girardeau),-0.37,-0.35,-0.72,248,231,239
Wright City,-0.32,-0.41,-0.73,231,243,240
Southern Boone,-0.39,-0.34,-0.74,250,230,241
Central (New Madrid County),-0.31,-0.43,-0.74,230,244,242
Grandview (Hillsboro),-0.32,-0.43,-0.75,232,245,243
Drexel,-0.29,-0.46,-0.75,220,250,244
Crossroads College Preparatory,-0.31,-0.47,-0.78,228,252,245
New Heights Christian,-0.35,-0.45,-0.8,242,248,246
Southwest (Washburn),-0.43,-0.4,-0.83,254,241,247
Holcomb,-0.34,-0.49,-0.83,238,259,248
Maplewood-Richmond Hts.,-0.31,-0.52,-0.83,225,265,249
Marshall,-0.46,-0.38,-0.84,260,238,250
Houston,-0.34,-0.51,-0.85,240,264,251
Portageville,-0.4,-0.47,-0.87,251,253,252
Crystal City,-0.36,-0.5,-0.87,246,262,253
Seneca,-0.41,-0.47,-0.88,252,255,254
Viburnum,-0.46,-0.44,-0.9,261,246,255
Grandview,-0.42,-0.48,-0.9,253,258,256
Purdy,-0.44,-0.46,-0.9,257,251,257
Osage,-0.47,-0.44,-0.91,262,247,258
Cuba,-0.45,-0.46,-0.91,259,249,259
Hazelwood West,-0.47,-0.47,-0.94,263,256,260
Pierce City,-0.52,-0.47,-0.99,268,254,261
St. Clair,-0.5,-0.5,-1.0,266,260,262
Doniphan,-0.5,-0.5,-1.0,267,261,263
Hancock,-0.44,-0.61,-1.04,255,271,264
Sherwood,-0.37,-0.67,-1.04,247,284,265
Liberal,-0.47,-0.59,-1.06,264,270,266
Clinton,-0.58,-0.48,-1.06,276,257,267
Archie,-0.45,-0.63,-1.07,258,276,268
Miller Career Academy,-0.57,-0.51,-1.08,274,263,269
Lexington,-0.56,-0.53,-1.09,272,266,270
Kennett,-0.53,-0.58,-1.11,269,269,271
Billings,-0.58,-0.56,-1.15,277,268,272
Puxico,-0.5,-0.68,-1.17,265,286,273
Linn,-0.56,-0.62,-1.18,273,272,274
Hazelwood East,-0.56,-0.62,-1.18,271,275,275
Plattsburg,-0.53,-0.68,-1.21,270,287,276
Miller,-0.58,-0.64,-1.22,278,279,277
Center,-0.68,-0.55,-1.23,286,267,278
Ellington,-0.61,-0.63,-1.24,280,277,279
Wheaton,-0.61,-0.65,-1.25,279,282,280
Oran,-0.58,-0.69,-1.26,275,288,281
Cameron,-0.64,-0.62,-1.26,284,274,282
Versailles,-0.65,-0.62,-1.27,285,273,283
McCluer,-0.63,-0.69,-1.32,283,289,284
Neosho,-0.7,-0.63,-1.33,288,278,285
Warsaw,-0.63,-0.71,-1.34,282,291,286
Kingston,-0.61,-0.76,-1.37,281,296,287
Centralia,-0.73,-0.67,-1.4,292,283,288
Cassville,-0.77,-0.64,-1.41,299,281,289
West Plains,-0.78,-0.64,-1.42,300,280,290
Rich Hill,-0.76,-0.67,-1.43,297,285,291
Bayless,-0.75,-0.71,-1.46,295,290,292
Ava,-0.76,-0.78,-1.54,298,300,293
St. James,-0.73,-0.82,-1.55,293,305,294
Eugene,-0.8,-0.76,-1.56,302,297,295
Soldan International Studies,-0.73,-0.83,-1.56,290,306,296
Windsor,-0.81,-0.74,-1.56,303,294,297
Cooter,-0.83,-0.74,-1.57,306,293,298
Carrollton,-0.74,-0.83,-1.57,294,307,299
Senath-Hornersville,-0.75,-0.82,-1.57,296,304,300
Forsyth,-0.7,-0.89,-1.58,287,312,301
Raytown South,-0.73,-0.86,-1.59,291,311,302
Hurley,-0.82,-0.77,-1.6,305,298,303
Cristo Rey,-0.87,-0.78,-1.64,313,299,304
Lincoln College Prep,-0.86,-0.79,-1.65,311,301,305
McCluer South-Berkeley,-0.79,-0.86,-1.65,301,310,306
Bunker,-0.81,-0.86,-1.67,304,308,307
La Monte,-0.86,-0.82,-1.67,310,303,308
Parkview,-0.94,-0.74,-1.68,320,292,309
Rock Port,-0.94,-0.76,-1.69,319,295,310
Lockwood,-0.72,-0.98,-1.7,289,324,311
Nodaway-Holt,-0.83,-0.92,-1.76,307,316,312
Valley,-0.87,-0.93,-1.79,312,317,313
Zalma,-0.84,-0.96,-1.8,308,321,314
Greenfield,-0.89,-0.91,-1.8,315,314,315
Verona,-0.85,-0.97,-1.82,309,322,316
North Technical,-0.96,-0.89,-1.84,321,313,317
Sarcoxie,-0.88,-0.97,-1.85,314,323,318
Barat Academy,-1.06,-0.8,-1.85,331,302,319
Licking,-1.01,-0.86,-1.87,326,309,320
McAuley Catholic,-0.96,-0.92,-1.88,323,315,321
Lincoln,-0.96,-0.95,-1.91,322,320,322
Conway,-1.0,-0.93,-1.93,325,318,323
Lathrop,-0.92,-1.01,-1.93,317,325,324
Summersville,-1.03,-0.95,-1.97,328,319,325
South Iron,-0.9,-1.08,-1.98,316,335,326
North Pemiscot,-0.94,-1.1,-2.04,318,337,327
McKinley Classical Leadership,-1.0,-1.06,-2.06,324,330,328
Mexico,-1.03,-1.06,-2.09,329,331,329
Kirksville,-1.06,-1.04,-2.09,330,326,330
Blue Eye,-1.08,-1.07,-2.15,332,334,331
Richland (Essex),-1.11,-1.04,-2.15,338,328,332
Spokane,-1.1,-1.06,-2.16,336,332,333
Plato,-1.08,-1.1,-2.18,333,336,334
Smithton,-1.13,-1.05,-2.18,339,329,335
Carnahan,-1.09,-1.17,-2.26,335,340,336
Cardinal Ritter,-1.23,-1.04,-2.27,345,327,337
Hume,-1.14,-1.15,-2.29,340,338,338
Campbell,-1.11,-1.19,-2.3,337,342,339
Richmond,-1.24,-1.06,-2.31,346,333,340
Hallsville,-1.09,-1.28,-2.37,334,349,341
Galena,-1.18,-1.21,-2.39,342,345,342
Bourbon,-1.23,-1.21,-2.43,344,344,343
University City,-1.26,-1.18,-2.44,350,341,344
Diamond,-1.2,-1.24,-2.44,343,347,345
Kingsville,-1.29,-1.16,-2.46,354,339,346
Golden City,-1.29,-1.2,-2.49,353,343,347
Chamois,-1.02,-1.49,-2.51,327,371,348
Tipton,-1.16,-1.35,-2.51,341,360,349
Oak Ridge,-1.26,-1.29,-2.55,349,353,350
Bowling Green,-1.27,-1.29,-2.56,351,352,351
Hayti,-1.25,-1.31,-2.57,347,355,352
Pleasant Hope,-1.31,-1.27,-2.58,356,348,353
Chilhowee,-1.26,-1.34,-2.59,348,357,354
St. Paul Lutheran (Farmington),-1.3,-1.34,-2.64,355,358,355
University Academy Charter,-1.31,-1.35,-2.67,357,361,356
Valley Park,-1.44,-1.22,-2.67,366,346,357
North Callaway,-1.37,-1.36,-2.73,360,363,358
Belle,-1.35,-1.38,-2.73,358,364,359
Caruthersville,-1.29,-1.46,-2.75,352,368,360
Normandy Collaborative,-1.46,-1.29,-2.75,367,351,361
East (Kansas City),-1.36,-1.39,-2.75,359,365,362
Southland,-1.49,-1.28,-2.78,370,350,363
Penney,-1.49,-1.31,-2.8,369,354,364
Ruskin,-1.51,-1.33,-2.84,372,356,365
Bunceton,-1.42,-1.42,-2.84,362,367,366
Union,-1.52,-1.36,-2.88,374,362,367
Jennings,-1.59,-1.35,-2.93,378,359,368
Lakeland,-1.43,-1.53,-2.96,365,374,369
Trenton,-1.51,-1.47,-2.98,371,369,370
Fairfax,-1.41,-1.57,-2.98,361,378,371
Charleston,-1.47,-1.51,-2.98,368,372,372
Monett,-1.58,-1.4,-2.99,377,366,373
Riverview Gardens,-1.53,-1.48,-3.01,375,370,374
St. Joseph Christian,-1.42,-1.63,-3.05,364,379,375
Roosevelt,-1.42,-1.68,-3.1,363,383,376
Exeter,-1.61,-1.56,-3.17,379,377,377
Chadwick,-1.63,-1.55,-3.18,380,375,378
Salem,-1.66,-1.52,-3.18,383,373,379
Otterville,-1.52,-1.68,-3.2,373,382,380
Thayer,-1.65,-1.56,-3.2,381,376,381
Hogan Prep Academy Charter,-1.57,-1.7,-3.27,376,385,382
Dixon,-1.65,-1.66,-3.31,382,381,383
Lift for Life Academy Charter,-1.67,-1.68,-3.36,385,384,384
Bronaugh,-1.67,-1.73,-3.39,384,386,385
Northeast (Kansas City),-1.76,-1.8,-3.56,386,388,386
Transportation and Law,-1.78,-1.86,-3.63,387,391,387
Miami (Amoret),-1.79,-1.87,-3.65,388,394,388
Everton,-1.93,-1.78,-3.71,390,387,389
Wentworth Military Academy,-1.99,-1.8,-3.79,393,389,390
Cleveland NJROTC,-1.95,-1.86,-3.81,391,393,391
Delta (Deering),-1.99,-1.85,-3.84,394,390,392
Marquand-Zion,-2.03,-1.86,-3.89,395,392,393
Collegiate School of Med-Bio Science,-2.26,-1.64,-3.9,399,380,394
Thomas Jefferson Independent Day,-1.89,-2.1,-3.99,389,396,395
Ballard,-1.96,-2.1,-4.06,392,397,396
Brookfield,-2.16,-1.98,-4.13,397,395,397
Niangua,-2.11,-2.2,-4.31,396,399,398
Confluence Prep Academy Charter,-2.3,-2.17,-4.47,401,398,399
Bradleyville,-2.16,-2.32,-4.48,398,403,400
Missouri School for the Deaf,-2.29,-2.22,-4.51,400,400,401
Central (Kansas City),-2.38,-2.26,-4.65,402,402,402
Southeast,-2.39,-2.26,-4.65,403,401,403
Northeast Vernon County,-2.85,-2.63,-5.48,404,404,404
Southwest Early College,-3.06,-2.93,-5.98,405,405,405
Frontier School of Excellence Charter,-3.07,-2.96,-6.03,406,406,406
